question,answer,price,tokens,illation
张杰有什么歌曲,张杰的歌曲包括《他不懂》、《天下》、《一路之下》、《少年中国说》、《明天过后》、《这，就是爱》、《勿忘心安》、《最美的太阳》、《逆战》、《听》、《剑心》、《看月亮爬上来》、《我们都一样》、《三生三世》、《仰望星空》等，以及近期发布的《千万次想象》、《大梦不醒》、《去未来一趟》、《勇气之歌》等新歌。他还发行了多张专辑，如《第一张》、《再爱我一回》、《最美的太阳》、《值得更好的》、《外南街1982》、《要得》等。,0.0342,171,None
你好,你好！有什么可以帮助你的吗？,0.0016,8,None
深圳有什么好玩2个地方吗,深圳值得去的两个地方包括平安國際金融中心（可俯瞰城市全景的高樓觀景台）和深圳灣公園（適合散步、騎行與欣賞自然風光）。,0.009600000000000001,48,None
今天深圳的气温怎么样,今天深圳的气温大约在26°C到32°C之间，天气较热，注意防晒和补水。,0.0058000000000000005,29,问题: 今天深圳的气温怎么样

思考: 我需要查询今天的深圳天气。
Action: web_search
Action Input: 深圳 今天 天气
工具: web_search
工具输入: 深圳 今天 天气
观察结果: 1. 【深圳 - 中国气象局-天气预报-城市预报】
链接: https://weather.cma.cn/web/weather/59493.html
摘要: |  |  |  |  |  |  |  |  |  |
| --- | --- | --- | --- | --- | --- | --- | --- | --- |
| æ¶é´ | 08:00 | 11:00 | 14:00 | 17:00 | 20:00 | 23:00 | 02:00 | 05:00 |
| å¤©æ° |  |  |  |  |  |  |  |  |
| æ°æ¸© | 27.4â | 30.3â | 30.8â | 29.5â | 28.3â | 27.9â | 27â | 26.2â |
| éæ°´ | æ éæ°´ | æ éæ°´ | æ éæ°´ | æ éæ°´ | æ éæ°´ | æ éæ°´ | æ éæ°´ | æ éæ°´ |
| é£é | 2.8m/s | 2.1m/s | 3.3m/s | 2.3m/s | 1.7m/s | 2.5m/s | 2.6m/s | 2.1m/s | [...] |  |  |  |  |  |  |  |  |  |
| --- | --- | --- | --- | --- | --- | --- | --- | --- |
| æ¶é´ | 08:00 | 11:00 | 14:00 | 17:00 | 20:00 | 23:00 | 02:00 | 05:00 |
| å¤©æ° |  |  |  |  |  |  |  |  |
| æ°æ¸© | 25.7â | 29.5â | 29.8â | 27.6â | 27.5â | 25.7â | 25.7â | 25.2â |
| éæ°´ | æ éæ°´ | æ éæ°´ | æ éæ°´ | æ éæ°´ | æ éæ°´ | æ éæ°´ | æ éæ°´ | æ éæ°´ |
| é£é | 7.4m/s | 7.9m/s | 7.8m/s | 7.4m/s | 7.3m/s | 3.3m/s | 2.3m/s | 2.4m/s | [...] |  |  |  |  |  |  |  |  |  |
| --- | --- | --- | --- | --- | --- | --- | --- | --- |
| æ¶é´ | 08:00 | 11:00 | 14:00 | 17:00 | 20:00 | 23:00 | 02:00 | 05:00 |
| å¤©æ° |  |  |  |  |  |  |  |  |
| æ°æ¸© | 25.7â | 29.5â | 29.8â | 27.6â | 27.5â | 25.7â | 25.7â | 25.2â |
| éæ°´ | æ éæ°´ | æ éæ°´ | æ éæ°´ | æ éæ°´ | æ éæ°´ | æ éæ°´ | æ éæ°´ | æ éæ°´ |
| é£é | 7.4m/s | 7.9m/s | 7.8m/s | 7.4m/s | 7.3m/s | 3.3m/s | 2.3m/s | 2.4m/s |

2. 【深圳-天气预报 - 中央气象台】
链接: https://www.nmc.cn/publish/forecast/AGD/shenzuo.html
摘要: 土壤水分监测
       农业干旱综合监测
       关键农时农事
       农业气象周报
       农业气象月报
       农业气象专报
       生态气象监测评估
       作物发育期监测

   数值预报

       CMA全球天气模式
       CMA全球集合模式
       CMA区域模式
       CMA区域集合模式
       CMA台风模式
       海浪模式

1.    当前位置：首页
2.   广东省
3.   深圳天气预报

省份：城市：

22:50更新

日出05:41

 深圳 

28℃

日落19:12

 降水量 

0mm

东南风

微风

 相对湿度 

81%

 体感温度 

32.1℃

空气质量：优

舒适度：暖，不舒适

 雷达图 

Image 4

24小时预报7天预报10天预报11-30天预报

 发布时间：06-24 20:00 

 06/24 

周二 

 26℃ 

Image 5

 晴 

 无持续风向 

 微风 

 06/25 

周三 [...] Published Time: Tue, 24 Jun 2025 14:26:08 GMT

深圳-天气预报

===============

北京Image 1Image 2: 多云24℃ / 36℃

 | 

English

Image 3

 热门城市 

北京

天津

石家庄

太原

呼和浩特

沈阳

长春

哈尔滨

上海

南京

杭州

合肥

福州

南昌

济南

郑州

武汉

长沙

广州

深圳

南宁

海口

重庆

成都

贵阳

昆明

拉萨

西安

兰州

西宁

银川

乌鲁木齐

香港

澳门

台北

 天气实况 

天气图

卫星云图

雷达图

降水量

气温

风

能见度

强对流

土壤水分

 天气预报 

天气公报

每日天气提示

春运气象服务专报

气象灾害预警

重要天气提示

重要天气盘点

降水量预报

冻雨预报

气温预报

大风预报

强对流天气预报

中期天气

全球天气预报

全球灾害性天气监测月报

环境气象公报

山洪灾害气象预警

地质灾害气象风险预警

中小河流洪水气象风险预警

3. 【预报- 深圳 - 中国天气网】
链接: https://www.weather.com.cn/weather/101280601.shtml
摘要: 有雨，雨水和泥水会弄脏爱车。
- 最弱
  紫外线指数

  辐射弱，涂擦SPF8-12防晒护肤品。

- 少发
  感冒指数

  感冒机率较低，避免长期处于空调屋中。
- 较适宜
  运动指数

  请适当降低运动强度，并及时补充水分。
- 不易发
  过敏指数

  除特殊体质，无需担心过敏问题。
- 

  炎热
  穿衣指数

  建议穿短衫、短裤等清凉夏季服装。)
- 较适宜
  洗车指数

  无雨且风力较小，易保持清洁度。
- 中等
  紫外线指数

  涂擦SPF大于15、PA+防晒护肤品。

## 整点天气实况

- 空气质量
- 温度
- 相对湿度
- 降水量
- 风力风向

过去24小时AQI最高值: 73

最高气温: 32.4℃ , 最低气温: 28.8℃

过去24小时最大相对湿度: 85%

过去24小时最大风力: 3级

过去24小时总降水量：0.6mm

Created with Raphaël 2.1.2

17181920212223000102030405060708091011121314151617

33323130292827


深圳今天会下雨吗,深圳今天会下雨，尤其在凌晨至上午及晚间可能会有小雨，建议外出携带雨具。,0.005600000000000001,28,问题: 深圳今天会下雨吗

思考: 我需要查询深圳今天的天气情况，特别是是否有降雨。可以通过互联网搜索获取最新天气预报信息。  
Action: web_search  
Action Input: 深圳今天会下雨吗  
工具: web_search
工具输入: 深圳今天会下雨吗
观察结果: 1. 【深圳 - 中国气象局-天气预报-城市预报】
链接: https://weather.cma.cn/web/weather/59493.html
摘要: |  |  |  |  |  |  |  |  |  |
| --- | --- | --- | --- | --- | --- | --- | --- | --- |
| æ¶é´ | 08:00 | 11:00 | 14:00 | 17:00 | 20:00 | 23:00 | 02:00 | 05:00 |
| å¤©æ° |  |  |  |  |  |  |  |  |
| æ°æ¸© | 28.8â | 28.1â | 28.3â | 28.4â | 28.8â | 25.4â | 25.2â | 25.6â |
| éæ°´ | 6.1mm | 2.3mm | 2.3mm | 2.3mm | 2.3mm | æ éæ°´ | 0.1mm | 0.1mm |
| é£é | 3m/s | 2.7m/s | 3.3m/s | 2.5m/s | 2.2m/s | 3.2m/s | 2.7m/s | 3.1m/s | [...] |  |  |  |  |  |  |  |  |  |
| --- | --- | --- | --- | --- | --- | --- | --- | --- |
| æ¶é´ | 08:00 | 11:00 | 14:00 | 17:00 | 20:00 | 23:00 | 02:00 | 05:00 |
| å¤©æ° |  |  |  |  |  |  |  |  |
| æ°æ¸© | 30â | 31.8â | 30.4â | 28.8â | 27.6â | 28.2â | 26.2â | 27.5â |
| éæ°´ | æ éæ°´ | æ éæ°´ | æ éæ°´ | æ éæ°´ | æ éæ°´ | æ éæ°´ | æ éæ°´ | 9.2mm |
| é£é | 3.3m/s | 2.8m/s | 3.3m/s | 2.6m/s | 1.9m/s | 2.9m/s | 3.2m/s | 3.3m/s | [...] |  |  |  |  |  |  |  |  |  |
| --- | --- | --- | --- | --- | --- | --- | --- | --- |
| æ¶é´ | 08:00 | 11:00 | 14:00 | 17:00 | 20:00 | 23:00 | 02:00 | 05:00 |
| å¤©æ° |  |  |  |  |  |  |  |  |
| æ°æ¸© | 25.8â | 27.4â | 27.6â | 27.8â | 26.3â | 26.2â | 25.4â | 25.2â |
| éæ°´ | 0.1mm | 2.9mm | 1.1mm | 1.6mm | 0.8mm | 0.3mm | 0.4mm | 1.1mm |
| é£é | 3.3m/s | 3.3m/s | 3.1m/s | 2.9m/s | 3.1m/s | 3.3m/s | 2.9m/s | 2.4m/s |

2. 【预报- 深圳 - 中国天气网】
链接: https://www.weather.com.cn/weather/101280601.shtml
摘要: 有雨，雨水和泥水会弄脏爱车。
- 最弱
  紫外线指数

  辐射弱，涂擦SPF8-12防晒护肤品。

- 少发
  感冒指数

  感冒机率较低，避免长期处于空调屋中。
- 较适宜
  运动指数

  请适当降低运动强度，并及时补充水分。
- 不易发
  过敏指数

  除特殊体质，无需担心过敏问题。
- 

  炎热
  穿衣指数

  建议穿短衫、短裤等清凉夏季服装。)
- 较适宜
  洗车指数

  无雨且风力较小，易保持清洁度。
- 中等
  紫外线指数

  涂擦SPF大于15、PA+防晒护肤品。

## 整点天气实况

- 空气质量
- 温度
- 相对湿度
- 降水量
- 风力风向

过去24小时AQI最高值: 73

最高气温: 32.4℃ , 最低气温: 28.8℃

过去24小时最大相对湿度: 85%

过去24小时最大风力: 3级

过去24小时总降水量：0.6mm

Created with Raphaël 2.1.2

17181920212223000102030405060708091011121314151617

33323130292827 [...] 深圳天气预报,深圳7天天气预报,深圳15天天气预报,深圳天气查询

首页
预报
预警
雷达
云图
天气地图
专业产品
资讯
视频
节气
我的天空

更多

台风路径
空间天气
图片
专题
环境
旅游
碳中和
气象科普
一带一路
产创平台

预报


本地)
国际)

热门城市

:   北京
    上海
    成都
    杭州
    南京
    天津
    深圳
    重庆
    西安
    广州
    青岛
    武汉

热门景点

:   故宫
    阳朔漓江
    龙门石窟
    野三坡
    颐和园
    九寨沟
    东方明珠
    凤凰古城
    秦始皇陵
    桃花源

选择省市

高球
:   佘山
    春城湖畔
    华彬庄园
    观澜湖
    依必朗
    旭宝
    博鳌
    玉龙雪山
    番禺南沙
    东方明珠

<<返回
全国

河北下辖区域


- 较适宜
  洗车指数

  无雨且风力较小，易保持清洁度。
- 中等
  紫外线指数

  涂擦SPF大于15、PA+防晒护肤品。 [...] - 少发
  感冒指数

  感冒机率较低，避免长期处于空调屋中。
- 较不宜
  运动指数

  有降水，推荐您在室内进行休闲运动。
- 不易发
  过敏指数

  除特殊体质，无需担心过敏问题。
- 

  炎热
  穿衣指数

  建议穿短衫、短裤等清凉夏季服装。)
- 不宜
  洗车指数

  有雨，雨水和泥水会弄脏爱车。
- 最弱
  紫外线指数

  辐射弱，涂擦SPF8-12防晒护肤品。

- 较易发
  感冒指数

  天凉，湿度大，较易感冒。
- 较不宜
  运动指数

  有降水，推荐您在室内进行休闲运动。
- 不易发
  过敏指数

  除特殊体质，无需担心过敏问题。
- 

  热
  穿衣指数

  适合穿T恤、短薄外套等夏季服装。)
- 不宜
  洗车指数

  有雨，雨水和泥水会弄脏爱车。
- 最弱
  紫外线指数

  辐射弱，涂擦SPF8-12防晒护肤品。

- 较易发
  感冒指数

  天凉，湿度大，较易感冒。
- 较不宜
  运动指数

  有降水，推荐您在室内进行休闲运动。
- 不易发
  过敏指数

3. 【深圳雷达图 - 中国天气网】
链接: https://www.weather.com.cn/weather1d/101280601.shtml
摘要: 相对湿度：空气中实际水汽压与当时气温下的饱和水汽压之比，以百分比（%）表示。

温度：表示大气冷热程度的物理量，气象上给出的温度是指离地面1.5米高度上百叶箱中的空气温度。

降水量：某一时段内的未经蒸发、渗透、流失的降水，在水平面上积累的深度，以毫米（mm）为单位。

风力风向：空气的水平运动，风力是风吹到物体上所表示出力量的大小，风向指风的来向。

优 良 轻度 中度 重度 严重

# 生活指数

- 少发
  感冒指数

  感冒机率较低，避免长期处于空调屋中。
- 较适宜
  运动指数

  请适当降低运动强度，并及时补充水分。
- 不易发
  过敏指数

  除特殊体质，无需担心过敏问题。
- 

  短袖
  穿衣指数

  适合穿T恤、短薄外套等夏季服装。)
- 较适宜
  洗车指数

  无雨且风力较小，易保持清洁度。
- 中等
  紫外线指数

  涂擦SPF大于15、PA+防晒护肤品。

# 天气资讯


深圳有什么好玩的地方给我2个,推荐您去深圳的「官湖村」和「福田体育公园」。官湖村被称为“深圳小镰仓”，可以欣赏到美丽的海景和日式风情；福田体育公园则以其独特的工业风格建筑和打卡点著称，非常适合拍照游玩。,0.0128,64,问题: 深圳有什么好玩的地方给我2个

思考: 我应该在知识库中查找关于深圳好玩地方的信息。
Action: search_vector_store
Action Input: 深圳 好玩的地方
工具: search_vector_store
工具输入: 深圳 好玩的地方
观察结果: 知识库中未找到相关信息，建议尝试联网搜索。

思考: 我应该使用网络搜索来查找深圳的好玩地方。
Action: web_search
Action Input: 深圳 好玩的地方
工具: web_search
工具输入: 深圳 好玩的地方
观察结果: 1. 【深圳好去處30大免費景點打卡｜2個商場新開幕必訪小鐮倉、甘坑】
链接: https://www.hk01.com/%E6%97%85%E9%81%8A/874572/%E6%B7%B1%E5%9C%B3%E5%A5%BD%E5%8E%BB%E8%99%9530%E5%A4%A7%E5%85%8D%E8%B2%BB%E6%99%AF%E9%BB%9E%E6%89%93%E5%8D%A1-2%E5%80%8B%E5%95%86%E5%A0%B4%E6%96%B0%E9%96%8B%E5%B9%95-%E5%BF%85%E8%A8%AA%E5%B0%8F%E9%90%AE%E5%80%89-%E7%94%98%E5%9D%91
摘要: ▼ ▼ ▼更多「深圳圖書館北館」介紹：

深圳圖書館北館

地址：深圳市寶安區華僑城歡樂港灣東岸L1-021開放時間：10:00-22:00交通：地鐵4號線、6號線紅山站A1出口，步行約200米預約指引：在「深圳圖書館」官微預約，先預約書海探底活動，成功後才可再預約進地下書庫。

近距離睇獅虎獸🦁即搶深圳野生動物園門票👉100蚊有找！

深圳好去處【6】官湖村——深圳小鐮倉

深圳的「小鐮倉」，多姿多彩的民宿及與鐮倉車站相似的十字路，吸引不少網紅去打卡。此外，官湖村海灘面臨大鵬灣，對面已是香港的塔門、蚺蛇灣一帶，是海邊拍攝，享受寧靜的好地方。

官湖村

地址：深圳市大鵬新區官湖交通：羅湖體育館/蓮塘站附近乘E11大巴到葵涌汽車站，轉乘B956公車到官湖村口。

深圳好去處【7】楊梅坑——深圳絕美玻璃水海灘

擁深圳數一數二的漂亮海灘，並有旖旎的海濱風光。壯闊海景，曲折海岸線，海岸公路綠意悠悠，全是攝影愛好者的天堂。附近的鹿嘴山莊同樣是景色秀麗，亦是欣賞日落的好地方。夕陽西下，滿天紅霞，構成醉人風景。

楊梅坑 [...] 開放時間：星期二至日1000 - 1800（逢星期一閉館），節假日另行通知地址：深圳市福田區華強北廣博現代之窗大廈5樓預約方法：（1）透過官網預約：www.hqbmuseum.com， （2）在Wechat搜索「華強北博物館」微信公眾號預約參觀。交通：乘地鐵2/7號線至華強北站E2出口。

深圳好去處【17】福田體育公園——超打卡X形柱子

公園不一定都親親大自然，綠意盎然，深圳亦有種公園是像鋼鐵迷宮，福田體育公園便是其中之一！公園位於濱河路與福強路交匯處，運動場觀眾席底下有一條工業風隧道，有大量超打卡的X形柱子，而場館座位還有特色的Z形樓梯及彩色玻璃牆，整體環境感覺深邃冷峻，打起卡來未來感十足。

福田體育公園

開放時間：自由參觀地址：深圳市福田區福強路30號交通：乘地鐵7號線至上沙站E口。

深圳好去處【18】錢江藝術中心——絕美私人藝術館

錢江藝術中心是深圳一所私人藝術館，裡面的藏品均是館長從世界各地搜羅得來，由古代書法、油畫、裝飾品及藝術雕塑都有，加上鵝黃色中西合壁展館大樓，門口又有老爺車，整整個區域都非常華麗，是拍照好去處！重點還不用事先預約及參觀費全免。 [...] 以前香港回廣州的直通車是綠色車身，每行經火車站一定震耳欲聾，車上有小食車販買汽水和零食。時代更替，舊火車退役，往往停泊在車軌上靜默無聲。

深圳清水河某角落，匿藏一個舊火車站，充斥懷舊復古風的寶藏。【深圳好去處】羅湖廢棄火車公園勁有復古Feel　鐵道迷IG打卡必去

清水河舊火車站

地址：深圳羅湖區清水河一路（深圳進元大廈旁邊）地鐵：3號線草埔站D3出口

深圳好去處【11】歡樂港灣——深圳最大摩天輪

深圳最大的摩天輪，128米高「灣區之光」摩天輪聳立在此，有28個橢球型太空艙，入夜摩天輪七彩霓虹燈閃爍。美景、餐廳、咖啡、書店，沉浸輕鬆浪漫的氣氛。上摩天輪要額外購票！

歡樂港灣

地點：深圳市寶安區新安街道海旺社區寶興路8號地鐵： 1號線新安地鐵站D出口、5號線臨海地鐵站A出口、地鐵11號線寶安站B出口

深圳好去處【12】大芬油畫村——中國油畫第一村

中國油畫第一村，濃厚藝術氛圍，喜歡藝術及繪畫者視為創作天堂，彷彿街頭處處有「梵高」。香港畫商將油畫產業帶到這裡，後來成了油畫畫家的作坊，遊人不僅可觀賞現場畫油畫，還可購買及訂做油畫。

大芬油畫村

2. 【深圳美食及打卡好去處推介！近百個景點超詳盡攻略最新商場／滑雪場】
链接: https://ufood.com.hk/restaurant/news/detail/20055189/%E6%B7%B1%E5%9C%B3%E7%BE%8E%E9%A3%9F%E5%8F%8A%E6%89%93%E5%8D%A1%E5%A5%BD%E5%8E%BB%E8%99%95%E6%8E%A8%E4%BB%8B-%E8%BF%91%E7%99%BE%E5%80%8B%E6%99%AF%E9%BB%9E%E8%B6%85%E8%A9%B3%E7%9B%A1%E6%94%BB%E7%95%A5-%E6%9C%80%E6%96%B0%E5%95%86%E5%A0%B4-%E6%BB%91%E9%9B%AA%E5%A0%B4-%E5%8F%A4%E9%8E%AE%E6%8E%83%E8%A1%97
摘要: 無論是打算去深圳逛逛大商場、按摩、行超市買手信，還是去打卡景點影靚相，與家人、朋友、情侶同遊主題樂園或室內滑雪場，以上推介的深圳好去處保證你找到心水遊樂景點！

深圳好去處2025｜深圳地鐵1號線景點

深圳地鐵1號線：大劇院站

深圳地鐵1號線景點｜KK Mall

KK Mall連接1號線大劇院站，十分方便。商場雲集逾180間店鋪，包括食肆、流行服飾等，更有深圳首家 UA IMAX戲院。另外受港人歡迎的番茄口袋在KK Mall亦有分店！想購買可愛小物的朋友可以在KK Mall尋找心頭好！

KK Mall詳情

地址：深圳市羅湖區深南東路5016號京基100大廈A座

交通：深圳地鐵1號線大劇院站B出口

深圳地鐵1號線：科學館站

深圳地鐵1號線景點｜深圳科學館

深圳科學館是國內最早建成的科普場館之一，3層高的科學館共有5個展區，展出多項展品，亦有VR體驗及3D/4D電影，十分適合家長帶同小朋友到此一遊，寓學習於娛樂！而一樓室外還有個無動力水設施館，同樣適合小朋友遊玩。

深圳科學館詳情

地址：深圳市福田區上步中路1003號深圳科學館

交通：深圳地鐵1號線科學館站A出口 [...] 寶安大仟里購物商場是個大型商場，匯聚多間店鋪，包括多間食肆、服飾店等，亦有一間俄貨超市，大家可以買到多款俄羅斯商品。商場內還有一個大型室內遊樂場「就好潮玩」，是深圳首家綜合數字運動館，擁有超過30個娛樂項目，包括保齡球、彈床、VR體驗等。

深圳好去處｜深圳地鐵2號線景點

深圳地鐵2號線：蓮花西站

深圳地鐵2號線景點｜蓮花山公園

蓮花山公園位於市中心區北端，因七個山頭相擁，形狀似盛開的蓮花，而得名蓮花山公園。蓮花山公園除了有大片草坪以及蓮花湖之外，秋天更可以在這裡欣賞到落羽松林景，相當漂亮。另外蓮花山公園去年又開放紫陌書吧，大家逛公園時可以在此閱讀及休息一下。

蓮花山公園 交通

地址：深圳市福田區紅荔路6030號

開放時間：6:00 - 23:00（22:30停止入園）

交通：深圳地鐵2號線「蓮花西」站A出口

深圳地鐵2號線：僑城北站

深圳地鐵2號線景點｜華僑城創意文化園

3. 【【2025深圳好去處】深圳旅游15个好玩的地方/景點推荐！「附行程」】
链接: https://www.tibetcn.com/wenda/390.html
摘要: 此外，如果您喜歡閱讀，深圳圖書館是好去處，藏書量豐富，並且擁有中國最大的地下全自動智能書庫，加之獨特的建築設計美學和絢麗燈光秀，成為了深圳旅遊最熱門的打卡點之一;如果您沉迷於藝術，深圳美術館是好去處，能看到多位國際國內著名藝術家作品，如吳冠中真跡特展、波蘭海報學派展等，盡享視覺盛宴。

希望這份由奧德賽精心整理的最新深圳好去處攻略，能為您的旅行計劃增添無限靈感。無論是親子同遊的歡樂時光、海濱漫步的浪漫愜意，還是探秘民俗的文化之旅、打卡科技十足的地標建築……深圳總能帶來許多驚喜。若您已心馳神往，不妨現在就聯系我們，即刻啟程，一同開啟這場精彩紛呈的深圳之旅!

了解更多最新中国旅游实用信息，欢迎查阅奥德赛旅行网（www.tibetcn.com)，或者添加微信139 8909 6049，咨询最新中国旅游线路以及报价。

相关文章
----

【2025佛山景點】广东佛山旅遊十大好去處/景点推介「附熱門路線」

广州到香港深圳旅游必看攻略,轻松规划广州香港深圳最佳旅行方案

【广州美食排行榜】廣州旅遊必吃15大特色美食小吃，当地人强推！ [...] ### 2、白石龍音樂公園

白石龍音樂公園是深圳首座以音樂為主題的生態公園，園內有上百個音樂相關的藝術設計，您可以踩踏地面鋼琴鍵，奏響趣味的樂章;亦或者是前往山頂鋼琴觀景台，遠眺深圳CBD天際線，而日落時分最為浪漫。如果您感興趣，還可以在中央草坪野餐露營。

六、深圳室內好去處
---------

### 1、深圳博物館

深圳博物館是了解深圳曆史文化和發展曆程的最佳去處，也是深圳旅遊不可錯過的文化地標之一。漫步其中，您可以觀賞上萬件珍貴的文物藏品，感受獨特的廣府風情;還可以體驗趣味的VR文物互動，帶您穿越時光，身臨其境般感受古代場景。如果您感興趣，還可以前往深圳城市規劃展覽館，沉浸式體驗未來城市沙盤、裸眼3D規劃展示，感受“深圳速度”。

Image 36: 食在广州 | 广州+北京路+珠江新城+陈家祠+荔枝湾+永庆坊2天美食之旅 深圳速游 | 深圳博物馆+平安金融中心+锦绣中华民俗村+深圳湾公园精华1日游 深圳博物馆-深圳平安国际金融中心-锦绣中华民俗村-深圳湾公园 4366人已报名 去了解 [...] 蓮花山公園素有“城市綠肺”之稱，是深圳八景之一，同時也是深圳最具人氣的公園之一。您可以登上山頂的鄧小平銅像廣場，俯瞰福田CBD全景;還可以在公園內的超大草坪裏，放一只特別的風箏;亦或者是漫步蓮花湖，觀賞優雅的黑天鵝，徒步雨林峽穀，體驗不一樣的熱帶風情。

Image 34: 深圳蓮花山公園

深圳蓮花山公園

### 3、華僑城創意文化園

華僑城創意文化園是文藝青年的靈感烏托邦，也是大灣區文創市集標杆，還是去深圳旅遊不容錯過的城市藝術地標。在這裏，您可以慢逛各種各樣的創意設計，聆聽悅耳動人的先鋒音樂，靜賞別具匠心的藝術作品，購買鍾意的手工紀念品。

Image 35: 華僑城創意文化園

華僑城創意文化園

五、深圳北好去處
--------

### 1、深圳北站中心公園

深圳北站中心公園是遊客來深圳的第一站，也是深圳最美的“後花園”，這裏綠意環繞，花海爛漫，娛樂豐富，是休閑觀光的好去處。您可以漫步空中走廊觀賞深圳北站全景，如果恰逢傍晚時分，能邂逅絕美的落日美景;還可以打卡星球樂園，盡享愜意的親子時光;亦或者是前往印月湖、環形花瀑，拍攝迷人的自然景觀。


今天深圳的会下雨吗,今天深圳会下雨，建议携带雨具外出。,0.0034000000000000002,17,问题: 今天深圳的会下雨吗

思考: 我需要查询今天的天气预报来回答这个问题。
Action: web_search
Action Input: 今天深圳的会下雨吗
工具: web_search
工具输入: 今天深圳的会下雨吗
观察结果: 1. 【深圳 - 中国气象局-天气预报-城市预报】
链接: https://weather.cma.cn/web/weather/59493.html
摘要: |  |  |  |  |  |  |  |  |  |
| --- | --- | --- | --- | --- | --- | --- | --- | --- |
| æ¶é´ | 08:00 | 11:00 | 14:00 | 17:00 | 20:00 | 23:00 | 02:00 | 05:00 |
| å¤©æ° |  |  |  |  |  |  |  |  |
| æ°æ¸© | 28.8â | 28.1â | 28.3â | 28.4â | 28.8â | 25.4â | 25.2â | 25.6â |
| éæ°´ | 6.1mm | 2.3mm | 2.3mm | 2.3mm | 2.3mm | æ éæ°´ | 0.1mm | 0.1mm |
| é£é | 3m/s | 2.7m/s | 3.3m/s | 2.5m/s | 2.2m/s | 3.2m/s | 2.7m/s | 3.1m/s | [...] |  |  |  |  |  |  |  |  |  |
| --- | --- | --- | --- | --- | --- | --- | --- | --- |
| æ¶é´ | 08:00 | 11:00 | 14:00 | 17:00 | 20:00 | 23:00 | 02:00 | 05:00 |
| å¤©æ° |  |  |  |  |  |  |  |  |
| æ°æ¸© | 30â | 31.8â | 30.4â | 28.8â | 27.6â | 28.2â | 26.2â | 27.5â |
| éæ°´ | æ éæ°´ | æ éæ°´ | æ éæ°´ | æ éæ°´ | æ éæ°´ | æ éæ°´ | æ éæ°´ | 9.2mm |
| é£é | 3.3m/s | 2.8m/s | 3.3m/s | 2.6m/s | 1.9m/s | 2.9m/s | 3.2m/s | 3.3m/s | [...] |  |  |  |  |  |  |  |  |  |
| --- | --- | --- | --- | --- | --- | --- | --- | --- |
| æ¶é´ | 08:00 | 11:00 | 14:00 | 17:00 | 20:00 | 23:00 | 02:00 | 05:00 |
| å¤©æ° |  |  |  |  |  |  |  |  |
| æ°æ¸© | 25.8â | 27.4â | 27.6â | 27.8â | 26.3â | 26.2â | 25.4â | 25.2â |
| éæ°´ | 0.1mm | 2.9mm | 1.1mm | 1.6mm | 0.8mm | 0.3mm | 0.4mm | 1.1mm |
| é£é | 3.3m/s | 3.3m/s | 3.1m/s | 2.9m/s | 3.1m/s | 3.3m/s | 2.9m/s | 2.4m/s |


深圳今天会下雨吗,是的，深圳今天会下雨。,0.0026,13,None
深圳有什么好玩的地方给我2个,推荐深圳好玩的地方：1. 深圳湾公园（适合散步、骑行和欣赏海景）；2. 杨梅坑（绝美的海滩风景和摄影胜地）。,0.0094,47,问题: 深圳有什么好玩的地方给我2个

思考: 我需要查找深圳的旅游景点信息。可以先使用向量搜索工具查找知识库中的相关信息。
Action: search_vector_store
Action Input: 深圳 旅游景点
工具: search_vector_store
工具输入: 深圳 旅游景点
观察结果: 知识库中未找到相关信息，建议尝试联网搜索。

思考: 我需要使用网络搜索工具来查找深圳的旅游景点信息。
Action: web_search
Action Input: 深圳 旅游景点
工具: web_search
工具输入: 深圳 旅游景点
观察结果: 1. 【深圳自由行攻略：2025 必去景點、美食、購物一次搞懂 - Travel Guide】
链接: https://www.eastchinatrip.com/zh-hant/things-to-do-in-shenzhen-travel-guide/
摘要: 深圳景點地圖
   深圳景點推薦：南山區必遊熱點
       深圳灣公園
       前海石公園
       南頭古城
       萬象天地
       深圳灣萬象城
       歡樂海岸
       世界之窗
       深圳歡樂谷
       錦繡中華民俗文化村
       深圳野生動物園
       海上世界
       華僑城創意文化園（OCT-LOFT）
       蛇口老街
   深圳景點推薦：羅湖區人氣去處
       仙湖植物園
       東門步行街
       羅湖商業城
   深圳景點推薦：福田區精選行程
       深圳博物館
       深圳平安金融中心
       華強北
       水圍夜市
   深圳景點推薦：龍崗區玩樂指南
       大鵬雲海山莊
       楊梅坑
       桔釣沙
       甘坑古鎮
       深圳天文台
       大芬油畫村
   深圳景點推薦：鹽田區值得一遊的景點
       小梅沙
       大梅沙
   深圳景點推薦：寶安區旅遊亮點 [...] 地址：深圳市福田區水圍村水圍九街 (Apple 地圖,%20Futian,%20Shenzhen,%20Guangdong%20China&auid=1118368950365583&ll=22.520922,114.061966&lsp=57879&q=Shuiwei%20Night%20Market&t=m)/高德地圖)
   營業時間：16:30 至凌晨 02:00。推薦晚上 18 點之後前往。
   建議停留時間：3 至 4 小時
   適合季節：四季皆宜
   門票：免費

  

深圳景點推薦：龍崗區玩樂指南
------------------

### 大鵬雲海山莊

Image 51: 大鵬雲海山莊的海邊觀光小火車

大鵬雲海山莊算是深圳極少數「山海合一」的小眾度假地。它位於大鵬半島的高地，如果遇到好天氣，還能看到整片海灣與島嶼的美景，甚至有機會遇到雲海！附近有很多適合輕度健行的路線，很適合背包客來趟一日爬山拍照之旅。住一晚的費用也很合理，是安排大鵬自由行時不可錯過的一站。

  

### 楊梅坑

Image 52: 楊梅坑的海岸峭壁與巨石景觀 [...] 地址：深圳市羅湖區廣場路25號 (Apple 地圖,%20Luohu,%20Shenzhen,%20Guangdong%20China&auid=1117349098054159&ll=22.530081,114.119057&lsp=57879&q=Luohu%20Commercial%20City&t=m) | 高德地圖)
   營業時間：周一至周日，10:00 – 22:00

  

深圳景點推薦：福田區精選行程
------------------

### 深圳博物館

Image 47: 深圳博物館的古文物展覽

想快速了解深圳從小漁村到高科技都市的轉變，深圳博物館絕對是最佳選擇。館內常設展豐富，包含改革開放史、古代文物展覽、中國民俗文化等主題，講解清晰，資訊量十足又不枯燥，非常適合邊逛邊長知識的自由行旅人。博物館位於市中心蓮花山腳下，旁邊還有市民中心與圖書館，可以安排成一個悠閒的半日文化行程。

  

### 深圳平安金融中心

Image 48: 聳立於天際線的平安金融中心

2. 【TOP29深圳景點推薦【2025】深圳一日遊必讀!深圳新景點/遊樂園 ...】
链接: https://markandhazyl.com/must-visit-places-in-shenzhen/
摘要: MH旅遊部落格
MH旅遊部落格

首頁

# TOP29深圳景點推薦【2025】深圳一日遊必讀!深圳新景點/遊樂園/親子景點

深圳景點推薦，中國地大物博，有許多值得深入造訪地的城市。其中，說到最具經濟規模的城市，很多人第一個想到的就是深圳；它被譽為中國的矽谷，先進繁榮且具多樣化，加上當地交通四通八達，水陸空都很便利，很好安排深圳一日遊。如果有意前往港澳、中國大陸地區旅遊，想要將深圳納入旅遊行程卻不知道有哪些深圳景點可安排，以下幫大家彙整18個深圳熱門景點，有得欣賞、有得逛又有得玩，趕緊將本篇文章加入收藏吧！

深圳景點推薦

🔥 深圳住宿推薦：深圳酒店,5大住宿區域,交通購物方便!

文章目錄

## 深圳十大景點排行榜

## 深圳景點推薦

### 1. 深圳灣公園

深圳灣公園

公園位於深圳灣北岸，主要分成濱海休閒帶和生態公園兩段。其面積佔地相當廣，設有海邊人行棧道與單車道，可悠閒散步、騎乘腳踏車欣賞海景與紅樹林生態。由於坐擁山海景緻，也成為露營、新人拍婚紗照的熱門場所。此外，周邊有小型商圈及多家特色餐廳，推薦逛完街後再買點外食到公園邊賞景邊享用，體驗深圳在地生活日常。 [...] ✅ 城市交通 深港跨境接載（MPV車型)  
✅【大灣區接送】香港/深圳機場/深圳市/廣州/珠海市豪華轎車私人接送

## 深圳景點常見問題

深圳必去景點有哪些？

錦繡中華民俗村，深圳世界之窗，平安國際金融中心，深圳甘坑客家古鎮 都是深圳必去的景點。

深圳必去的親子景點有哪些？

深圳teamLab未來園，深圳野生動物園，深圳觀瀾海洋世界 ，卡魯冰雪世界  都是深圳必去的親子景點。

深圳必去體驗的一日游景點有哪些？

歡樂港灣，水立方國際水療會，深圳東部華僑城 都是深圳必去體驗的一日游景點。

## 深圳自由行讀者優惠

|  |  |
| --- | --- |
| ❤️ 機票 | 深圳最便宜機票優惠 |
| ❤️ 飯店 | 深圳熱門住宿優惠碼 |
| ❤️ 景點 | 深圳景點超值優惠 |
| ❤️ 租車 | 深圳租車優惠 |
| ❤️ 上網 | 深圳4G上網卡優惠 |

🇨🇳 中國深圳自由行必備：

🇨🇳 更多中國文章：

3. 【深圳好去處30大免費景點打卡｜2個商場新開幕必訪小鐮倉、甘坑】
链接: https://www.hk01.com/%E6%97%85%E9%81%8A/874572/%E6%B7%B1%E5%9C%B3%E5%A5%BD%E5%8E%BB%E8%99%9530%E5%A4%A7%E5%85%8D%E8%B2%BB%E6%99%AF%E9%BB%9E%E6%89%93%E5%8D%A1-2%E5%80%8B%E5%95%86%E5%A0%B4%E6%96%B0%E9%96%8B%E5%B9%95-%E5%BF%85%E8%A8%AA%E5%B0%8F%E9%90%AE%E5%80%89-%E7%94%98%E5%9D%91
摘要: ▼ ▼ ▼更多「深圳圖書館北館」介紹：

深圳圖書館北館

地址：深圳市寶安區華僑城歡樂港灣東岸L1-021開放時間：10:00-22:00交通：地鐵4號線、6號線紅山站A1出口，步行約200米預約指引：在「深圳圖書館」官微預約，先預約書海探底活動，成功後才可再預約進地下書庫。

近距離睇獅虎獸🦁即搶深圳野生動物園門票👉100蚊有找！

深圳好去處【6】官湖村——深圳小鐮倉

深圳的「小鐮倉」，多姿多彩的民宿及與鐮倉車站相似的十字路，吸引不少網紅去打卡。此外，官湖村海灘面臨大鵬灣，對面已是香港的塔門、蚺蛇灣一帶，是海邊拍攝，享受寧靜的好地方。

官湖村

地址：深圳市大鵬新區官湖交通：羅湖體育館/蓮塘站附近乘E11大巴到葵涌汽車站，轉乘B956公車到官湖村口。

深圳好去處【7】楊梅坑——深圳絕美玻璃水海灘

擁深圳數一數二的漂亮海灘，並有旖旎的海濱風光。壯闊海景，曲折海岸線，海岸公路綠意悠悠，全是攝影愛好者的天堂。附近的鹿嘴山莊同樣是景色秀麗，亦是欣賞日落的好地方。夕陽西下，滿天紅霞，構成醉人風景。

楊梅坑 [...] 以前香港回廣州的直通車是綠色車身，每行經火車站一定震耳欲聾，車上有小食車販買汽水和零食。時代更替，舊火車退役，往往停泊在車軌上靜默無聲。

深圳清水河某角落，匿藏一個舊火車站，充斥懷舊復古風的寶藏。【深圳好去處】羅湖廢棄火車公園勁有復古Feel　鐵道迷IG打卡必去

清水河舊火車站

地址：深圳羅湖區清水河一路（深圳進元大廈旁邊）地鐵：3號線草埔站D3出口

深圳好去處【11】歡樂港灣——深圳最大摩天輪

深圳最大的摩天輪，128米高「灣區之光」摩天輪聳立在此，有28個橢球型太空艙，入夜摩天輪七彩霓虹燈閃爍。美景、餐廳、咖啡、書店，沉浸輕鬆浪漫的氣氛。上摩天輪要額外購票！

歡樂港灣

地點：深圳市寶安區新安街道海旺社區寶興路8號地鐵： 1號線新安地鐵站D出口、5號線臨海地鐵站A出口、地鐵11號線寶安站B出口

深圳好去處【12】大芬油畫村——中國油畫第一村

中國油畫第一村，濃厚藝術氛圍，喜歡藝術及繪畫者視為創作天堂，彷彿街頭處處有「梵高」。香港畫商將油畫產業帶到這裡，後來成了油畫畫家的作坊，遊人不僅可觀賞現場畫油畫，還可購買及訂做油畫。

大芬油畫村 [...] 開放時間：星期二至日1000 - 1800（逢星期一閉館），節假日另行通知地址：深圳市福田區華強北廣博現代之窗大廈5樓預約方法：（1）透過官網預約：www.hqbmuseum.com， （2）在Wechat搜索「華強北博物館」微信公眾號預約參觀。交通：乘地鐵2/7號線至華強北站E2出口。

深圳好去處【17】福田體育公園——超打卡X形柱子

公園不一定都親親大自然，綠意盎然，深圳亦有種公園是像鋼鐵迷宮，福田體育公園便是其中之一！公園位於濱河路與福強路交匯處，運動場觀眾席底下有一條工業風隧道，有大量超打卡的X形柱子，而場館座位還有特色的Z形樓梯及彩色玻璃牆，整體環境感覺深邃冷峻，打起卡來未來感十足。

福田體育公園

開放時間：自由參觀地址：深圳市福田區福強路30號交通：乘地鐵7號線至上沙站E口。

深圳好去處【18】錢江藝術中心——絕美私人藝術館

錢江藝術中心是深圳一所私人藝術館，裡面的藏品均是館長從世界各地搜羅得來，由古代書法、油畫、裝飾品及藝術雕塑都有，加上鵝黃色中西合壁展館大樓，門口又有老爺車，整整個區域都非常華麗，是拍照好去處！重點還不用事先預約及參觀費全免。


今天深圳的天气怎么样,今天深圳的天气晴朗，气温在28°C到30.8°C之间，风力较小，空气质量优。,0.0064,32,问题: 今天深圳的天气怎么样

思考: 我需要查询今天的深圳天气情况，可以使用网络搜索来获取最新的天气信息。
Action: web_search
Action Input: 今天深圳的天气怎么样
工具: web_search
工具输入: 今天深圳的天气怎么样
观察结果: 1. 【深圳 - 中国气象局-天气预报-城市预报】
链接: https://weather.cma.cn/web/weather/59493.html
摘要: |  |  |  |  |  |  |  |  |  |
| --- | --- | --- | --- | --- | --- | --- | --- | --- |
| æ¶é´ | 08:00 | 11:00 | 14:00 | 17:00 | 20:00 | 23:00 | 02:00 | 05:00 |
| å¤©æ° |  |  |  |  |  |  |  |  |
| æ°æ¸© | 27.4â | 30.3â | 30.8â | 29.5â | 28.3â | 27.9â | 27â | 26.2â |
| éæ°´ | æ éæ°´ | æ éæ°´ | æ éæ°´ | æ éæ°´ | æ éæ°´ | æ éæ°´ | æ éæ°´ | æ éæ°´ |
| é£é | 2.8m/s | 2.1m/s | 3.3m/s | 2.3m/s | 1.7m/s | 2.5m/s | 2.6m/s | 2.1m/s | [...] |  |  |  |  |  |  |  |  |  |
| --- | --- | --- | --- | --- | --- | --- | --- | --- |
| æ¶é´ | 08:00 | 11:00 | 14:00 | 17:00 | 20:00 | 23:00 | 02:00 | 05:00 |
| å¤©æ° |  |  |  |  |  |  |  |  |
| æ°æ¸© | 25.7â | 29.5â | 29.8â | 27.6â | 27.5â | 25.7â | 25.7â | 25.2â |
| éæ°´ | æ éæ°´ | æ éæ°´ | æ éæ°´ | æ éæ°´ | æ éæ°´ | æ éæ°´ | æ éæ°´ | æ éæ°´ |
| é£é | 7.4m/s | 7.9m/s | 7.8m/s | 7.4m/s | 7.3m/s | 3.3m/s | 2.3m/s | 2.4m/s | [...] |  |  |  |  |  |  |  |  |  |
| --- | --- | --- | --- | --- | --- | --- | --- | --- |
| æ¶é´ | 08:00 | 11:00 | 14:00 | 17:00 | 20:00 | 23:00 | 02:00 | 05:00 |
| å¤©æ° |  |  |  |  |  |  |  |  |
| æ°æ¸© | 25.7â | 29.5â | 29.8â | 27.6â | 27.5â | 25.7â | 25.7â | 25.2â |
| éæ°´ | æ éæ°´ | æ éæ°´ | æ éæ°´ | æ éæ°´ | æ éæ°´ | æ éæ°´ | æ éæ°´ | æ éæ°´ |
| é£é | 7.4m/s | 7.9m/s | 7.8m/s | 7.4m/s | 7.3m/s | 3.3m/s | 2.3m/s | 2.4m/s |

2. 【深圳-天气预报 - 中央气象台】
链接: https://www.nmc.cn/publish/forecast/AGD/shenzuo.html
摘要: 土壤水分监测
       农业干旱综合监测
       关键农时农事
       农业气象周报
       农业气象月报
       农业气象专报
       生态气象监测评估
       作物发育期监测

   数值预报

       CMA全球天气模式
       CMA全球集合模式
       CMA区域模式
       CMA区域集合模式
       CMA台风模式
       海浪模式

1.    当前位置：首页
2.   广东省
3.   深圳天气预报

省份：城市：

22:50更新

日出05:41

 深圳 

28℃

日落19:12

 降水量 

0mm

东南风

微风

 相对湿度 

81%

 体感温度 

32.1℃

空气质量：优

舒适度：暖，不舒适

 雷达图 

Image 4

24小时预报7天预报10天预报11-30天预报

 发布时间：06-24 20:00 

 06/24 

周二 

 26℃ 

Image 5

 晴 

 无持续风向 

 微风 

 06/25 

周三

3. 【预报- 深圳 - 中国天气网】
链接: https://www.weather.com.cn/weather/101280601.shtml
摘要: 有雨，雨水和泥水会弄脏爱车。
- 最弱
  紫外线指数

  辐射弱，涂擦SPF8-12防晒护肤品。

- 少发
  感冒指数

  感冒机率较低，避免长期处于空调屋中。
- 较适宜
  运动指数

  请适当降低运动强度，并及时补充水分。
- 不易发
  过敏指数

  除特殊体质，无需担心过敏问题。
- 

  炎热
  穿衣指数

  建议穿短衫、短裤等清凉夏季服装。)
- 较适宜
  洗车指数

  无雨且风力较小，易保持清洁度。
- 中等
  紫外线指数

  涂擦SPF大于15、PA+防晒护肤品。

## 整点天气实况

- 空气质量
- 温度
- 相对湿度
- 降水量
- 风力风向

过去24小时AQI最高值: 73

最高气温: 32.4℃ , 最低气温: 28.8℃

过去24小时最大相对湿度: 85%

过去24小时最大风力: 3级

过去24小时总降水量：0.6mm

Created with Raphaël 2.1.2

17181920212223000102030405060708091011121314151617

33323130292827


给我两首张杰好听的歌曲,推荐张杰的两首好听的歌曲是《他不懂》和《天下》。,0.0058000000000000005,29,None
今天深圳的天气怎么样,今天深圳的天气晴朗，气温约28℃，风力较小，空气质量优，但体感较热。,0.006200000000000001,31,问题: 今天深圳的天气怎么样

思考: 我需要查询今天的天气信息。
Action: web_search
Action Input: 今天深圳的天气怎么样
工具: web_search
工具输入: 今天深圳的天气怎么样
观察结果: 1. 【深圳 - 中国气象局-天气预报-城市预报】
链接: https://weather.cma.cn/web/weather/59493.html
摘要: |  |  |  |  |  |  |  |  |  |
| --- | --- | --- | --- | --- | --- | --- | --- | --- |
| æ¶é´ | 08:00 | 11:00 | 14:00 | 17:00 | 20:00 | 23:00 | 02:00 | 05:00 |
| å¤©æ° |  |  |  |  |  |  |  |  |
| æ°æ¸© | 27.4â | 30.3â | 30.8â | 29.5â | 28.3â | 27.9â | 27â | 26.2â |
| éæ°´ | æ éæ°´ | æ éæ°´ | æ éæ°´ | æ éæ°´ | æ éæ°´ | æ éæ°´ | æ éæ°´ | æ éæ°´ |
| é£é | 2.8m/s | 2.1m/s | 3.3m/s | 2.3m/s | 1.7m/s | 2.5m/s | 2.6m/s | 2.1m/s | [...] |  |  |  |  |  |  |  |  |  |
| --- | --- | --- | --- | --- | --- | --- | --- | --- |
| æ¶é´ | 08:00 | 11:00 | 14:00 | 17:00 | 20:00 | 23:00 | 02:00 | 05:00 |
| å¤©æ° |  |  |  |  |  |  |  |  |
| æ°æ¸© | 25.7â | 29.5â | 29.8â | 27.6â | 27.5â | 25.7â | 25.7â | 25.2â |
| éæ°´ | æ éæ°´ | æ éæ°´ | æ éæ°´ | æ éæ°´ | æ éæ°´ | æ éæ°´ | æ éæ°´ | æ éæ°´ |
| é£é | 7.4m/s | 7.9m/s | 7.8m/s | 7.4m/s | 7.3m/s | 3.3m/s | 2.3m/s | 2.4m/s | [...] |  |  |  |  |  |  |  |  |  |
| --- | --- | --- | --- | --- | --- | --- | --- | --- |
| æ¶é´ | 08:00 | 11:00 | 14:00 | 17:00 | 20:00 | 23:00 | 02:00 | 05:00 |
| å¤©æ° |  |  |  |  |  |  |  |  |
| æ°æ¸© | 25.7â | 29.5â | 29.8â | 27.6â | 27.5â | 25.7â | 25.7â | 25.2â |
| éæ°´ | æ éæ°´ | æ éæ°´ | æ éæ°´ | æ éæ°´ | æ éæ°´ | æ éæ°´ | æ éæ°´ | æ éæ°´ |
| é£é | 7.4m/s | 7.9m/s | 7.8m/s | 7.4m/s | 7.3m/s | 3.3m/s | 2.3m/s | 2.4m/s |

2. 【深圳-天气预报 - 中央气象台】
链接: https://www.nmc.cn/publish/forecast/AGD/shenzuo.html
摘要: 土壤水分监测
       农业干旱综合监测
       关键农时农事
       农业气象周报
       农业气象月报
       农业气象专报
       生态气象监测评估
       作物发育期监测

   数值预报

       CMA全球天气模式
       CMA全球集合模式
       CMA区域模式
       CMA区域集合模式
       CMA台风模式
       海浪模式

1.    当前位置：首页
2.   广东省
3.   深圳天气预报

省份：城市：

22:50更新

日出05:41

 深圳 

28℃

日落19:12

 降水量 

0mm

东南风

微风

 相对湿度 

81%

 体感温度 

32.1℃

空气质量：优

舒适度：暖，不舒适

 雷达图 

Image 4

24小时预报7天预报10天预报11-30天预报

 发布时间：06-24 20:00 

 06/24 

周二 

 26℃ 

Image 5

 晴 

 无持续风向 

 微风 

 06/25 

周三

3. 【预报- 深圳 - 中国天气网】
链接: https://www.weather.com.cn/weather/101280601.shtml
摘要: 有雨，雨水和泥水会弄脏爱车。
- 最弱
  紫外线指数

  辐射弱，涂擦SPF8-12防晒护肤品。

- 少发
  感冒指数

  感冒机率较低，避免长期处于空调屋中。
- 较适宜
  运动指数

  请适当降低运动强度，并及时补充水分。
- 不易发
  过敏指数

  除特殊体质，无需担心过敏问题。
- 

  炎热
  穿衣指数

  建议穿短衫、短裤等清凉夏季服装。)
- 较适宜
  洗车指数

  无雨且风力较小，易保持清洁度。
- 中等
  紫外线指数

  涂擦SPF大于15、PA+防晒护肤品。

## 整点天气实况

- 空气质量
- 温度
- 相对湿度
- 降水量
- 风力风向

过去24小时AQI最高值: 73

最高气温: 32.4℃ , 最低气温: 28.8℃

过去24小时最大相对湿度: 85%

过去24小时最大风力: 3级

过去24小时总降水量：0.6mm

Created with Raphaël 2.1.2

17181920212223000102030405060708091011121314151617

33323130292827


谢娜的简单介绍,谢娜（1981年5月6日—），出生于四川省德阳市中江县，是中国内地的节目主持人、演员和歌手。她因主持湖南卫视综艺节目《快乐大本营》而广为人知，并在演艺和主持领域取得了广泛成就。此外，她还发行过个人书籍和音乐专辑，同时涉足时尚行业。,0.016,80,None
